{
  "layers": [
    {
      "name": "Layer 1",
      "tileset": "assets/tiles.png",
      "tileW": 16, "tileH": 16,
      "grid": [
        [[2,3],[2,3],[2,3],[2,3],[2,3],[2,3],[2,3],[2,3],[2,3],[2,3],[2,3],[2,3]],
        [[0,6],[1,6],[2,6],[2,6],[2,6],[2,3],[2,6],[2,6],[2,6],[2,6],[2,6],[3,6]],
        [[0,7],[1,7],[2,7],[2,7],[2,7],[2,3],[2,7],[2,7],[2,7],[2,7],[2,7],[3,7]],
        [[0,7],[1,7],[2,7],[2,7],[2,7],[2,3],[2,7],[2,7],[2,7],[2,7],[2,7],[3,7]],
        [[0,7],[1,7],[2,7],[2,7],[2,7],[2,3],[2,7],[2,7],[2,7],[2,7],[2,7],[3,7]],
        [[0,7],[1,7],[2,7],[2,7],[2,7],[2,3],[2,7],[2,7],[2,7],[2,7],[2,7],[3,7]],
        [[0,7],[1,7],[2,7],[2,7],[2,7],[2,3],[2,7],[2,7],[2,7],[2,7],[2,7],[3,7]],
        [[0,7],[1,7],[2,7],[2,7],[2,7],[2,3],[2,7],[2,7],[2,7],[2,7],[2,7],[3,7]],
        [[0,7],[1,7],[2,7],[2,7],[2,7],[2,3],[2,7],[2,7],[2,7],[2,7],[2,7],[3,7]],
        [[0,7],[1,7],[2,7],[2,7],[2,7],[2,3],[2,7],[2,7],[2,7],[2,7],[2,7],[3,7]],
        [[0,7],[1,7],[2,7],[2,7],[2,7],[2,3],[2,7],[2,7],[2,7],[2,7],[2,7],[3,7]],
        [[0,8],[1,8],[2,8],[2,8],[2,8],[2,3],[2,8],[2,8],[2,8],[2,8],[2,8],[3,8]]
      ]
    },
    {
      "name": "Layer 2",
      "tileset": "assets/tiles.png",
      "tileW": 16, "tileH": 16,
      "grid": [
        [[0,1],[15,4],[4,3],[4,3],[3,0],[0,1],[1,4],[4,3],[15,4],[4,3],[0,1],[4,3]],
        [[0,0],[0,0],[0,0],[0,0],[0,0],[0,0],[1,5],[0,0],[0,0],[0,0],[0,0],[0,0]],
        [[0,0],[0,0],[0,0],[0,0],[0,0],[0,0],[0,0],[0,0],[0,0],[0,0],[0,0],[0,0]],
        [[0,0],[0,0],[0,0],[0,0],[0,0],[0,0],[0,0],[0,0],[0,0],[0,0],[0,0],[0,0]],
        [[0,0],[0,0],[0,0],[0,0],[0,0],[0,0],[0,0],[0,0],[0,0],[0,0],[0,0],[0,0]],
        [[0,0],[0,0],[0,0],[0,0],[0,0],[0,0],[0,0],[0,0],[0,0],[0,0],[0,0],[0,0]],
        [[0,0],[0,0],[0,0],[0,0],[0,0],[0,0],[0,0],[0,0],[0,0],[0,0],[0,0],[0,0]],
        [[0,0],[0,0],[0,0],[0,0],[0,0],[0,0],[0,0],[0,0],[0,0],[0,0],[0,0],[0,0]],
        [[0,0],[0,0],[0,0],[0,0],[0,0],[0,0],[0,0],[0,0],[0,0],[0,0],[0,0],[0,0]],
        [[0,0],[0,0],[0,0],[0,0],[0,0],[0,0],[0,0],[0,0],[0,0],[0,0],[0,0],[0,0]],
        [[0,0],[0,0],[0,0],[0,0],[0,0],[0,0],[0,0],[0,0],[0,0],[0,0],[0,0],[0,0]],
        [[0,0],[0,0],[0,0],[0,0],[0,0],[0,0],[0,0],[0,0],[0,0],[0,0],[0,0],[0,0]]
      ]
    },
    {
      "name": "Layer 3",
      "tileset": "assets/tiles.png",
      "tileW": 16, "tileH": 16,
      "grid": [
        [[0,0],[0,0],[0,0],[0,0],[0,0],[0,0],[0,0],[0,0],[0,0],[0,0],[0,0],[0,0]],
        [[0,0],[0,0],[0,0],[0,0],[0,0],[0,0],[0,0],[0,0],[0,0],[0,0],[0,0],[0,0]],
        [[0,0],[0,0],[0,0],[0,0],[0,0],[0,0],[0,0],[0,0],[0,0],[0,0],[0,0],[0,0]],
        [[0,0],[0,0],[0,0],[1,3],[0,0],[0,0],[0,0],[0,0],[0,0],[0,0],[0,0],[0,0]],
        [[0,0],[0,0],[0,0],[0,0],[0,0],[0,0],[0,0],[0,0],[0,0],[0,0],[0,0],[0,0]],
        [[0,0],[0,0],[0,0],[0,0],[0,0],[0,0],[0,0],[0,0],[0,0],[0,0],[0,0],[0,0]],
        [[0,0],[0,0],[0,0],[0,0],[0,0],[0,0],[0,0],[0,0],[0,0],[0,0],[0,0],[0,0]],
        [[0,0],[0,0],[0,0],[0,0],[0,0],[0,0],[0,0],[0,0],[0,0],[1,3],[0,0],[0,0]],
        [[0,0],[0,0],[0,0],[0,0],[0,0],[0,0],[0,0],[0,0],[0,0],[0,0],[0,0],[0,0]],
        [[0,0],[0,0],[1,3],[0,0],[0,0],[0,0],[0,0],[0,0],[0,0],[0,0],[0,0],[0,0]],
        [[0,0],[0,0],[0,0],[0,0],[0,0],[0,0],[0,0],[0,0],[0,0],[0,0],[0,0],[0,0]],
        [[0,0],[0,0],[0,0],[0,0],[0,0],[0,0],[0,0],[0,0],[0,0],[0,0],[0,0],[0,0]]
      ]
    },
    {
      "name": "Layer 4",
      "tileset": "assets/tiles.png",
      "tileW": 16, "tileH": 16,
      "grid": [
        [[0,0],[0,0],[0,0],[0,0],[0,0],[0,0],[0,0],[0,0],[0,0],[0,0],[0,0],[0,0]],
        [[0,0],[0,0],[0,0],[0,0],[0,0],[0,0],[0,0],[0,0],[0,0],[0,0],[0,0],[0,0]],
        [[0,0],[0,0],[0,0],[0,0],[0,0],[0,0],[0,0],[0,0],[0,0],[0,0],[0,0],[0,0]],
        [[0,0],[0,0],[0,0],[0,0],[0,0],[0,0],[0,0],[0,0],[0,0],[0,0],[0,0],[0,0]],
        [[0,0],[0,0],[0,0],[0,0],[0,0],[0,0],[0,0],[0,0],[0,0],[0,0],[0,0],[0,0]],
        [[0,0],[0,0],[0,0],[0,0],[0,0],[0,0],[0,0],[0,0],[0,0],[0,0],[0,0],[0,0]],
        [[0,0],[0,0],[12,13],[0,0],[0,0],[0,0],[0,0],[0,0],[0,0],[0,0],[0,0],[0,0]],
        [[0,0],[0,0],[0,0],[0,0],[0,0],[0,0],[0,0],[0,0],[0,0],[0,0],[0,0],[0,0]],
        [[0,0],[0,0],[0,0],[0,0],[0,0],[0,0],[0,0],[0,0],[0,0],[0,0],[0,0],[0,0]],
        [[0,0],[0,0],[0,0],[0,0],[0,0],[0,0],[0,0],[15,11],[0,0],[0,0],[0,0],[0,0]],
        [[0,0],[0,0],[0,0],[0,0],[0,0],[0,0],[0,0],[0,0],[0,0],[0,0],[0,0],[0,0]],
        [[0,0],[0,0],[0,0],[0,0],[0,0],[0,0],[0,0],[0,0],[0,0],[0,0],[0,0],[0,0]]
      ]
    },
    {
      "name": "Layer 5",
      "tileset": "assets/tiles.png",
      "tileW": 16, "tileH": 16,
      "grid": [
        [[0,0],[0,0],[0,0],[0,0],[0,0],[0,0],[0,0],[0,0],[0,0],[0,0],[0,0],[0,0]],
        [[0,0],[0,0],[0,0],[0,0],[0,0],[0,0],[0,0],[0,0],[0,0],[0,0],[0,0],[0,0]],
        [[0,0],[0,0],[0,0],[0,0],[0,0],[0,0],[0,0],[0,0],[0,0],[0,0],[0,0],[0,0]],
        [[0,0],[0,0],[0,0],[0,0],[0,0],[0,0],[0,0],[0,0],[0,0],[0,0],[0,0],[0,0]],
        [[0,0],[0,0],[0,0],[0,0],[0,0],[0,0],[0,0],[0,0],[0,0],[0,0],[0,0],[0,0]],
        [[0,0],[0,0],[0,0],[0,0],[0,0],[0,0],[0,0],[0,0],[0,0],[0,0],[0,0],[0,0]],
        [[0,0],[0,0],[0,0],[0,0],[0,0],[0,0],[0,0],[0,0],[0,0],[0,0],[0,0],[0,0]],
        [[0,0],[0,0],[0,0],[0,0],[13,11],[0,0],[13,11],[0,0],[0,0],[0,0],[0,0],[0,0]],
        [[0,0],[0,0],[0,0],[0,0],[13,12],[0,0],[13,12],[0,0],[0,0],[0,0],[0,0],[0,0]],
        [[0,0],[0,0],[0,0],[0,0],[13,12],[0,0],[13,12],[0,0],[0,0],[0,0],[0,0],[0,0]],
        [[0,0],[0,0],[0,0],[0,0],[13,12],[0,0],[13,12],[0,0],[0,0],[0,0],[0,0],[0,0]],
        [[0,0],[0,0],[0,0],[0,0],[13,13],[0,0],[13,13],[0,0],[0,0],[0,0],[0,0],[0,0]]
      ]
    },
    {
      "name": "Layer 6",
      "tileset": "assets/tiles.png",
      "tileW": 16, "tileH": 16,
      "grid": [
        [[0,0],[0,0],[0,0],[0,0],[0,0],[0,0],[0,0],[0,0],[0,0],[0,0],[0,0],[0,0]],
        [[0,0],[0,0],[0,0],[0,0],[0,0],[0,0],[0,0],[0,0],[0,0],[0,0],[0,0],[0,0]],
        [[0,0],[0,0],[0,0],[0,0],[0,0],[0,0],[0,0],[0,0],[0,0],[0,0],[0,0],[0,0]],
        [[0,0],[0,0],[0,0],[0,0],[0,0],[0,0],[0,0],[0,0],[0,0],[0,0],[5,12],[0,0]],
        [[0,0],[0,0],[0,0],[0,0],[0,0],[0,0],[0,0],[0,0],[0,0],[0,0],[0,0],[0,0]],
        [[0,0],[0,0],[0,0],[0,0],[0,0],[0,0],[0,0],[0,0],[0,0],[0,0],[0,0],[0,0]],
        [[0,0],[0,0],[0,0],[0,0],[0,0],[0,0],[0,0],[0,0],[0,0],[0,0],[0,0],[0,0]],
        [[0,0],[0,0],[0,0],[0,0],[0,0],[0,0],[0,0],[0,0],[0,0],[0,0],[0,0],[0,0]],
        [[0,0],[0,0],[0,0],[0,0],[0,0],[0,0],[0,0],[0,0],[0,0],[0,0],[0,0],[0,0]],
        [[0,0],[0,0],[0,0],[0,0],[0,0],[0,0],[0,0],[0,0],[0,0],[0,0],[0,0],[0,0]],
        [[0,0],[0,0],[0,0],[0,0],[0,0],[0,0],[0,0],[0,0],[0,0],[0,0],[0,0],[0,0]],
        [[0,0],[0,0],[0,0],[0,0],[0,0],[0,0],[0,0],[0,0],[0,0],[0,0],[0,0],[0,0]]
      ]
    },
    {
      "name": "Layer 7",
      "tileset": "assets/tiles.png",
      "tileW": 16, "tileH": 16,
      "grid": [
        [[0,0],[0,0],[0,0],[0,0],[0,0],[0,0],[0,0],[0,0],[0,0],[0,0],[0,0],[0,0]],
        [[0,0],[0,0],[0,0],[0,0],[0,0],[0,0],[0,0],[0,0],[0,0],[0,0],[0,0],[0,0]],
        [[0,0],[0,0],[0,0],[0,0],[0,0],[0,0],[0,0],[0,0],[0,0],[0,0],[0,0],[0,0]],
        [[0,0],[0,0],[0,0],[0,0],[0,0],[0,0],[0,0],[0,0],[0,0],[0,0],[0,0],[0,0]],
        [[0,0],[0,0],[0,0],[0,0],[0,0],[0,0],[0,0],[0,0],[0,0],[0,0],[0,0],[0,0]],
        [[0,0],[0,0],[0,0],[0,0],[0,0],[0,0],[0,0],[0,0],[0,0],[0,0],[0,0],[0,0]],
        [[0,0],[0,0],[0,0],[0,0],[0,0],[0,0],[0,0],[0,0],[0,0],[0,0],[0,0],[0,0]],
        [[0,0],[0,0],[0,0],[0,0],[0,0],[0,0],[0,0],[0,0],[0,0],[0,0],[0,0],[0,0]],
        [[0,0],[8,15],[0,0],[0,0],[0,0],[0,0],[0,0],[0,0],[0,0],[0,0],[0,0],[0,0]],
        [[0,0],[0,0],[0,0],[0,0],[0,0],[0,0],[0,0],[0,0],[0,0],[0,0],[0,0],[0,0]],
        [[0,0],[0,0],[0,0],[0,0],[0,0],[0,0],[0,0],[0,0],[0,0],[0,0],[0,0],[0,0]],
        [[0,0],[0,0],[0,0],[0,0],[0,0],[0,0],[0,0],[0,0],[0,0],[0,0],[0,0],[0,0]]
      ]
    }
  ]
}
