{
  "layers": [
    {
      "name": "Layer 1",
      "tileset": "assets/tiles.png",
      "tileW": 16, "tileH": 16,
      "grid": [
        [[2,3],[2,3],[2,3],[2,3],[2,3],[2,3],[2,3],[2,3],[2,3],[2,3],[2,3],[2,3]],
        [[0,6],[1,6],[2,6],[2,6],[2,6],[2,6],[2,6],[2,6],[2,6],[2,6],[2,6],[3,6]],
        [[0,7],[1,7],[2,7],[2,7],[2,7],[2,7],[2,7],[2,7],[2,7],[2,7],[2,7],[3,7]],
        [[0,7],[1,7],[2,7],[2,7],[2,7],[2,7],[2,7],[2,7],[2,7],[2,7],[2,7],[3,7]],
        [[0,7],[1,7],[2,7],[2,7],[2,7],[2,7],[2,7],[2,7],[2,7],[2,7],[2,7],[3,7]],
        [[0,7],[1,7],[2,7],[2,7],[2,7],[2,7],[2,7],[2,7],[2,7],[2,7],[2,7],[3,7]],
        [[0,7],[1,7],[2,7],[2,7],[2,7],[2,7],[2,7],[2,7],[2,7],[2,7],[2,7],[3,7]],
        [[0,7],[1,7],[2,7],[2,7],[2,7],[2,7],[2,7],[2,7],[2,7],[2,7],[2,7],[3,7]],
        [[0,7],[1,7],[2,7],[2,7],[2,7],[2,7],[2,7],[2,7],[2,7],[2,7],[2,7],[3,7]],
        [[0,7],[1,7],[2,7],[2,7],[2,7],[2,7],[2,7],[2,7],[2,7],[2,7],[2,7],[3,7]],
        [[0,7],[1,7],[2,7],[2,7],[2,7],[2,7],[2,7],[2,7],[2,7],[2,7],[2,7],[3,7]],
        [[0,8],[1,8],[2,8],[2,8],[2,8],[2,8],[2,8],[2,8],[2,8],[2,8],[2,8],[3,8]]
      ]
    },
    {
      "name": "Layer 2",
      "tileset": "assets/tiles.png",
      "tileW": 16, "tileH": 16,
      "grid": [
        [[0,0],[0,0],[0,0],[0,0],[0,0],[0,0],[0,0],[0,0],[0,0],[0,0],[0,0],[0,0]],
        [[0,0],[0,0],[0,0],[0,0],[0,0],[0,0],[0,0],[0,0],[0,0],[0,0],[0,0],[0,0]],
        [[0,0],[0,0],[0,0],[0,0],[0,0],[0,0],[0,0],[0,0],[0,0],[0,0],[0,0],[0,0]],
        [[0,0],[0,0],[0,0],[10,2],[13,2],[11,2],[0,0],[0,0],[0,0],[0,0],[0,0],[0,0]],
        [[0,0],[0,0],[0,0],[9,3],[12,3],[11,3],[0,0],[0,0],[0,0],[0,0],[0,0],[0,0]],
        [[0,0],[0,0],[0,0],[0,0],[0,0],[0,0],[0,0],[0,0],[0,0],[0,0],[0,0],[0,0]],
        [[0,0],[0,0],[0,0],[0,0],[0,0],[0,0],[0,0],[0,0],[0,0],[0,0],[0,0],[0,0]],
        [[0,0],[0,0],[0,0],[0,0],[0,0],[0,0],[0,0],[0,0],[0,0],[0,0],[0,0],[0,0]],
        [[0,0],[0,0],[0,0],[0,0],[0,0],[0,0],[0,0],[0,0],[0,0],[0,0],[0,0],[0,0]],
        [[0,0],[0,0],[0,0],[0,0],[0,0],[0,0],[0,0],[0,0],[0,0],[0,0],[0,0],[0,0]],
        [[0,0],[0,0],[0,0],[0,0],[0,0],[0,0],[0,0],[0,0],[0,0],[0,0],[0,0],[0,0]],
        [[0,0],[0,0],[0,0],[0,0],[0,0],[0,0],[0,0],[0,0],[0,0],[0,0],[0,0],[0,0]]
      ]
    },
    {
      "name": "Layer 3",
      "tileset": "assets/tiles.png",
      "tileW": 16, "tileH": 16,
      "grid": [
        [[0,0],[0,0],[0,0],[0,0],[0,0],[0,0],[0,0],[0,0],[0,0],[0,0],[0,0],[0,0]],
        [[0,0],[0,0],[0,0],[0,0],[0,0],[0,0],[0,0],[0,0],[0,0],[0,0],[0,0],[0,0]],
        [[0,0],[0,0],[0,0],[0,0],[0,0],[0,0],[0,0],[0,0],[0,0],[0,0],[0,0],[0,0]],
        [[0,0],[0,0],[0,0],[0,0],[0,0],[0,0],[0,0],[0,0],[0,0],[0,0],[0,0],[0,0]],
        [[0,0],[0,0],[0,0],[1,3],[1,3],[1,3],[0,0],[0,0],[0,0],[0,0],[0,0],[0,0]],
        [[0,0],[0,0],[0,0],[1,3],[1,3],[1,3],[0,0],[0,0],[0,0],[0,0],[0,0],[0,0]],
        [[0,0],[0,0],[0,0],[0,0],[0,0],[0,0],[0,0],[0,0],[0,0],[0,0],[0,0],[0,0]],
        [[0,0],[0,0],[0,0],[0,0],[0,0],[0,0],[0,0],[0,0],[0,0],[0,0],[0,0],[0,0]],
        [[0,0],[0,0],[0,0],[0,0],[0,0],[0,0],[0,0],[0,0],[0,0],[0,0],[0,0],[0,0]],
        [[0,0],[0,0],[0,0],[0,0],[0,0],[0,0],[0,0],[0,0],[0,0],[0,0],[0,0],[0,0]],
        [[0,0],[0,0],[0,0],[0,0],[0,0],[0,0],[0,0],[0,0],[0,0],[0,0],[0,0],[0,0]],
        [[0,0],[0,0],[0,0],[0,0],[0,0],[0,0],[0,0],[0,0],[0,0],[0,0],[0,0],[0,0]]
      ]
    }
  ]
}
